<?xml version="1.0" encoding="UTF-8" ?>

<rss version="2.0" xmlns:atom="http://www.w3.org/2005/Atom">
<channel>
   
      <title>biomadeira.github.io/jasper/</title>
   
   <link>http://biomadeira.github.io/jasper/</link>
   <description>A beautiful narrative written with the world's most elegant publishing platform. The story begins here.</description>
   <language>en-uk</language>
   <managingEditor> Casper McFadden</managingEditor>
   <atom:link href="rss" rel="self" type="application/rss+xml" />
   
	<item>
	  <title>I Have a Dream</title>
	  <link>/jasper//i-have-a-dream</link>
	  <author>Casper McFadden</author>
	  <pubDate>1963-08-28T11:18:00+01:00</pubDate>
	  <guid>/jasper//i-have-a-dream</guid>
	  <description><![CDATA[
	     <p>I am happy to join with you today in what will go down in history as the greatest demonstration for freedom in the history of our nation.</p>

<p>Five score years ago, a great American, in whose symbolic shadow we stand today, signed the Emancipation Proclamation. This momentous decree came as a great beacon light of hope to millions of Negro slaves who had been seared in the flames of withering injustice. It came as a joyous daybreak to end the long night of their captivity.</p>

<p>But one hundred years later, the Negro still is not free. One hundred years later, the life of the Negro is still sadly crippled by the manacles of segregation and the chains of discrimination. One hundred years later, the Negro lives on a lonely island of poverty in the midst of a vast ocean of material prosperity. One hundred years later, the Negro is still languished in the corners of American society and finds himself an exile in his own land. And so we&#39;ve come here today to dramatize a shameful condition.</p>

<p>In a sense we&#39;ve come to our nation&#39;s capital to cash a check. When the architects of our republic wrote the magnificent words of the Constitution and the Declaration of Independence, they were signing a promissory note to which every American was to fall heir. This note was a promise that all men, yes, black men as well as white men, would be guaranteed the &quot;unalienable Rights&quot; of &quot;Life, Liberty and the pursuit of Happiness.&quot; It is obvious today that America has defaulted on this promissory note, insofar as her citizens of color are concerned. Instead of honoring this sacred obligation, America has given the Negro people a bad check, a check which has come back marked &quot;insufficient funds.&quot;</p>

<p>But we refuse to believe that the bank of justice is bankrupt. We refuse to believe that there are insufficient funds in the great vaults of opportunity of this nation. And so, we&#39;ve come to cash this check, a check that will give us upon demand the riches of freedom and the security of justice.</p>

<p>We have also come to this hallowed spot to remind America of the fierce urgency of Now. This is no time to engage in the luxury of cooling off or to take the tranquilizing drug of gradualism. Now is the time to make real the promises of democracy. Now is the time to rise from the dark and desolate valley of segregation to the sunlit path of racial justice. Now is the time to lift our nation from the quicksands of racial injustice to the solid rock of brotherhood. Now is the time to make justice a reality for all of God&#39;s children.</p>

<p>It would be fatal for the nation to overlook the urgency of the moment. This sweltering summer of the Negro&#39;s legitimate discontent will not pass until there is an invigorating autumn of freedom and equality. Nineteen sixty-three is not an end, but a beginning. And those who hope that the Negro needed to blow off steam and will now be content will have a rude awakening if the nation returns to business as usual. And there will be neither rest nor tranquility in America until the Negro is granted his citizenship rights. The whirlwinds of revolt will continue to shake the foundations of our nation until the bright day of justice emerges.</p>

<p>But there is something that I must say to my people, who stand on the warm threshold which leads into the palace of justice: In the process of gaining our rightful place, we must not be guilty of wrongful deeds. Let us not seek to satisfy our thirst for freedom by drinking from the cup of bitterness and hatred. We must forever conduct our struggle on the high plane of dignity and discipline. We must not allow our creative protest to degenerate into physical violence. Again and again, we must rise to the majestic heights of meeting physical force with soul force.</p>

<p>The marvelous new militancy which has engulfed the Negro community must not lead us to a distrust of all white people, for many of our white brothers, as evidenced by their presence here today, have come to realize that their destiny is tied up with our destiny. And they have come to realize that their freedom is inextricably bound to our freedom.</p>

<p>We cannot walk alone.</p>

<p>And as we walk, we must make the pledge that we shall always march ahead.</p>

<p>We cannot turn back.</p>

<p>There are those who are asking the devotees of civil rights, &quot;When will you be satisfied?&quot; We can never be satisfied as long as the Negro is the victim of the unspeakable horrors of police brutality. We can never be satisfied as long as our bodies, heavy with the fatigue of travel, cannot gain lodging in the motels of the highways and the hotels of the cities. We cannot be satisfied as long as the negro&#39;s basic mobility is from a smaller ghetto to a larger one. We can never be satisfied as long as our children are stripped of their self-hood and robbed of their dignity by signs stating: &quot;For Whites Only.&quot; We cannot be satisfied as long as a Negro in Mississippi cannot vote and a Negro in New York believes he has nothing for which to vote. No, no, we are not satisfied, and we will not be satisfied until &quot;justice rolls down like waters, and righteousness like a mighty stream.&quot;</p>

<p>I am not unmindful that some of you have come here out of great trials and tribulations. Some of you have come fresh from narrow jail cells. And some of you have come from areas where your quest -- quest for freedom left you battered by the storms of persecution and staggered by the winds of police brutality. You have been the veterans of creative suffering. Continue to work with the faith that unearned suffering is redemptive. Go back to Mississippi, go back to Alabama, go back to South Carolina, go back to Georgia, go back to Louisiana, go back to the slums and ghettos of our northern cities, knowing that somehow this situation can and will be changed.</p>

<p>Let us not wallow in the valley of despair, I say to you today, my friends.</p>

<p>And so even though we face the difficulties of today and tomorrow, I still have a dream. It is a dream deeply rooted in the American dream.</p>

<p>I have a dream that one day this nation will rise up and live out the true meaning of its creed: &quot;We hold these truths to be self-evident, that all men are created equal.&quot;</p>

<p>I have a dream that one day on the red hills of Georgia, the sons of former slaves and the sons of former slave owners will be able to sit down together at the table of brotherhood.</p>

<p>I have a dream that one day even the state of Mississippi, a state sweltering with the heat of injustice, sweltering with the heat of oppression, will be transformed into an oasis of freedom and justice.</p>

<p>I have a dream that my four little children will one day live in a nation where they will not be judged by the color of their skin but by the content of their character.</p>

<p>I have a <strong>dream</strong> today!</p>

<p>I have a dream that one day, down in Alabama, with its vicious racists, with its governor having his lips dripping with the words of &quot;interposition&quot; and &quot;nullification&quot; -- one day right there in Alabama little black boys and black girls will be able to join hands with little white boys and white girls as sisters and brothers.</p>

<p>I have a <strong>dream</strong> today!</p>

<p>I have a dream that one day every valley shall be exalted, and every hill and mountain shall be made low, the rough places will be made plain, and the crooked places will be made straight; &quot;and the glory of the Lord shall be revealed and all flesh shall see it together.&quot;</p>

<p>This is our hope, and this is the faith that I go back to the South with.</p>

<p>With this faith, we will be able to hew out of the mountain of despair a stone of hope. With this faith, we will be able to transform the jangling discords of our nation into a beautiful symphony of brotherhood. With this faith, we will be able to work together, to pray together, to struggle together, to go to jail together, to stand up for freedom together, knowing that we will be free one day.</p>

<p>And this will be the day -- this will be the day when all of God&#39;s children will be able to sing with new meaning:</p>

<blockquote>
<p>My country &#39;tis of thee, sweet land of liberty, of thee I sing.</p>

<p>Land where my fathers died, land of the Pilgrim&#39;s pride,</p>

<p>From every mountainside, let freedom ring!</p>
</blockquote>

<p>And if America is to be a great nation, this must become true.</p>

<p>And so let freedom ring from the prodigious hilltops of New Hampshire.</p>

<blockquote>
<p>Let freedom ring from the mighty mountains of New York.</p>

<p>Let freedom ring from the heightening Alleghenies of Pennsylvania.</p>

<p>Let freedom ring from the snow-capped Rockies of Colorado.</p>

<p>Let freedom ring from the curvaceous slopes of California.</p>
</blockquote>

<p>But not only that:</p>

<blockquote>
<p>Let freedom ring from Stone Mountain of Georgia.</p>

<p>Let freedom ring from Lookout Mountain of Tennessee.</p>

<p>Let freedom ring from every hill and molehill of Mississippi.</p>

<p>From every mountainside, let freedom ring.</p>
</blockquote>

<p>And when this happens, and when we allow freedom ring, when we let it ring from every village and every hamlet, from every state and every city, we will be able to speed up that day when all of God&#39;s children, black men and white men, Jews and Gentiles, Protestants and Catholics, will be able to join hands and sing in the words of the old Negro spiritual:</p>

<p><em>Free at last! Free at last!</em></p>

<p><em>Thank God Almighty, we are free at last!</em></p>

<p>By <strong>Martin Luther King</strong></p>

<p>An American pastor, activist, humanitarian. People know him for leading the African-American Civil Rights movement using nonviolent civil disobedience.</p>

	  ]]></description>
	</item>

	<item>
	  <title>The Purpose of Education</title>
	  <link>/jasper//the-purpose-of-education</link>
	  <author>Casper McFadden</author>
	  <pubDate>1948-12-12T10:18:00+00:00</pubDate>
	  <guid>/jasper//the-purpose-of-education</guid>
	  <description><![CDATA[
	     <p>As I engage in the so-called &quot;bull sessions&quot; around and about the school, I too often find that most college men have a misconception of the purpose of education. Most of the &quot;brethren&quot; think that education should equip them with the proper instruments of exploitation so that they can forever trample over the masses. Still others think that education should furnish them with noble ends rather than means to an end.</p>

<p>It seems to me that education has a two-fold function to perform in the life of man and in society: the one is utility and the other is culture. Education must enable a man to become more efficient, to achieve with increasing facility the ligitimate goals of his life.</p>

<p>Education must also train one for quick, resolute and effective thinking. To think incisively and to think for one&#39;s self is very difficult. We are prone to let our mental life become invaded by legions of half truths, prejudices, and propaganda. At this point, I often wonder whether or not education is fulfilling its purpose. A great majority of the so-called educated people do not think logically and scientifically. Even the press, the classroom, the platform, and the pulpit in many instances do not give us objective and unbiased truths. To save man from the morass of propaganda, in my opinion, is one of the chief aims of education. Education must enable one to sift and weigh evidence, to discern the true from the false, the real from the unreal, and the facts from the fiction.</p>

<p>The function of education, therefore, is to teach one to think intensively and to think critically. But education which stops with efficiency may prove the greatest menace to society. The most dangerous criminal may be the man gifted with reason, but with no morals.</p>

<p>The late Eugene Talmadge, in my opinion, possessed one of the better minds of Georgia, or even America. Moreover, he wore the Phi Beta Kappa key. By all measuring rods, Mr. Talmadge could think critically and intensively; yet he contends that I am an inferior being. Are those the types of men we call educated?</p>

<p>We must remember that intelligence is not enough. Intelligence plus character--that is the goal of true education. The complete education gives one not only power of concentration, but worthy objectives upon which to concentrate. The broad education will, therefore, transmit to one not only the accumulated knowledge of the race but also the accumulated experience of social living.</p>

<p>If we are not careful, our colleges will produce a group of close-minded, unscientific, illogical propagandists, consumed with immoral acts. Be careful, &quot;brethren!&quot; Be careful, teachers!</p>

<p>By <strong>Martin Luther King</strong></p>

<p>An American pastor, activist, humanitarian. People know him for leading the African-American Civil Rights movement using nonviolent civil disobedience.</p>

	  ]]></description>
	</item>


</channel>
</rss>
