<?xml version="1.0" encoding="UTF-8" ?>

<rss version="2.0" xmlns:atom="http://www.w3.org/2005/Atom">
<channel>
   
      <title>biomadeira.github.io/jasper/</title>
   
   <link>http://biomadeira.github.io/jasper/</link>
   <description>A beautiful narrative written with the world's most elegant publishing platform. The story begins here.</description>
   <language>en-uk</language>
   <managingEditor> Casper McFadden</managingEditor>
   <atom:link href="rss" rel="self" type="application/rss+xml" />
   
	<item>
	  <title>The Businessman & the fisherman</title>
	  <link>/jasper//the-businessman-and-fisherman</link>
	  <author>Casper McFadden</author>
	  <pubDate>2014-08-12T11:18:00+01:00</pubDate>
	  <guid>/jasper//the-businessman-and-fisherman</guid>
	  <description><![CDATA[
	     <p>An American businessman took a vacation to a small coastal Mexican village on doctor’s orders. Unable to sleep after an urgent phone call from the office the first morning, he walked out to the pier to clear his head. A small boat with just one fisherman had docked, and inside the boat were several large yellowfin tuna. The American complimented the Mexican on the quality of his fish.</p>

<p>“How long did it take you to catch them?” the American asked.</p>

<p>“Only a little while,” the Mexican replied in surprisingly good English.</p>

<p>“Why don’t you stay out longer and catch more fish?” the American then asked.</p>

<p>“I have enough to support my family and give a few to friends,” the Mexican said as he unloaded them into a basket.</p>

<p>“But… What do you do with the rest of your time?”</p>

<p>The Mexican looked up and smiled. “I sleep late, fish a little, play with my children, take a siesta with my wife, Julia, and stroll into the village each evening, where I sip wine and play guitar with my amigos. I have a full and busy life, señor.”</p>

<p>The American laughed and stood tall. “Sir, I’m a Harvard M.B.A. and can help you. You should spend more time fishing, and with the proceeds, buy a bigger boat. In no time, you could buy several boats with the increased haul. Eventually, you would have a fleet of fishing boats.”</p>

<p>He continued, “Instead of selling your catch to a middleman, you would sell directly to the consumers, eventually opening your own cannery. You would control the product, processing, and distribution. You would need to leave this small coastal fishing village, of course, and move to Mexico City, then to Los Angeles, and eventually to New York City, where you could run your expanded enterprise with proper management.</p>

<p>The Mexican fisherman asked, “But, señor, how long will all this take?”</p>

<p>To which the American replied, “15-20 years, 25 tops.”</p>

<p>“But what then, señor?”</p>

<p>The American laughed and said, “That’s the best part. When the time is right, you would announce an IPO and sell your company stock to the public and become very rich. You would make millions.”</p>

<p>“Millions señor? Then what?&quot;</p>

<p>“Then you would retire and move to a small coastal fishing village, where you would sleep late, fish a little, play with your kids, take a siesta with your wife, and stroll in to the village in the evenings where you could sip wine and play your guitar with your amigos.”</p>

	  ]]></description>
	</item>


</channel>
</rss>
